create database proyectojsp_tecnm;

use proyectojsp_tecnm;

/*--------------------CREACION DE LAS TABLAS--------------------*/
CREATE TABLE `proyectojsp_tecnm`.`usuario` (
`clavemaestro` VARCHAR(255) NOT NULL,
`prefijo` VARCHAR(255) NOT NULL,
`nombre` VARCHAR(255) NOT NULL ,
`apellidopat` VARCHAR(255) NOT NULL ,
`apellidomat` VARCHAR(255) NOT NULL ,
`usuario` VARCHAR(255) NOT NULL ,
`contrasena` VARCHAR(255) NOT NULL ,
`rol` INT(1) NOT NULL ,
PRIMARY KEY (`clavemaestro`)
);

CREATE TABLE `proyectojsp_tecnm`.`materia` (
`id_materia` INT NOT NULL AUTO_INCREMENT ,
`clave` VARCHAR (255) NOT NULL ,
`nombre` VARCHAR (255) NOT NULL ,
`semestre` INT NOT NULL ,
`carrera` VARCHAR (255) NOT NULL ,
`creditos` INT NOT NULL ,
`horas_t` INT NOT NULL ,
`horas_p` INT NOT NULL ,
`maestro` INT NOT NULL ,
PRIMARY KEY (`id_materia`)
);

CREATE TABLE `proyectojsp_tecnm`.`sabana` (
`id` INT NOT NULL AUTO_INCREMENT,
`clavehorario` INT NOT NULL,
`clavemateria` VARCHAR(255) NOT NULL,
`clavecarrera` VARCHAR(255) NOT NULL,
`materia` VARCHAR(255) NOT NULL,
`carrera` VARCHAR(255) NOT NULL,
`clavemaestro` VARCHAR(255) NOT NULL,
`maestro` VARCHAR(255) NOT NULL,
`periodo` VARCHAR(255) NOT NULL,
`turno` VARCHAR(255) NOT NULL,
`grupo` VARCHAR(255) NOT NULL,
`alumnos` INT NOT NULL,
`semestre` INT NOT NULL,
`creditos` INT NOT NULL,
`salon` VARCHAR(255) NULL,
`lunes` VARCHAR(255) NULL,
`martes` VARCHAR(255) NULL,
`miercoles` VARCHAR(255) NULL,
`jueves` VARCHAR(255) NULL,
`viernes` VARCHAR(255) NULL,
PRIMARY KEY (id),
FOREIGN KEY (clavemaestro) references usuario(clavemaestro);
);

/*--------------------INSERCIONES DE LAS TABLAS--------------------*/
INSERT INTO usuario (clavemaestro, prefijo, nombre, apellidopat, apellidomat, usuario, contrasena, rol)
VALUES	("S25", "Ingeniero", "Antonio", "Águila", "Reyes", "aguila", "12345", 1),
		("S26", "Doctora", "María del Rosario", "Baltazar", "Flores", "baltazar", "123", 2),
		("S27", "Ingeniero", "José Gerardo", "Carpio", "Flores", "carpiof", "123", 2),
		("S28", "Doctor", "Juan Martín", "Carpio", "Valadez", "carpiov", "123", 2),
		("S29", "Licenciada", "Elizabeth", "Castellanos", "Nolasco", "nolasco", "123", 2),
		("S30", "Ingeniera", "María Patricia", "Castillo", "Martínez", "castillo", "123", 2),
		("S31", "Ingeniero", "Luis Roberto", "Gallegos", "Muñoz", "gallegos", "123", 2),
		("S32", "Ingeniero", "Domingo", "García", "Ornelas", "domingo", "123", 2),
		("S33", "Ingeniero", "Hector Federico", "Godínez", "Cabrera", "godinez", "123", 2),
		("S34", "Ingeniera", "Laura Patricia", "Guevara", "Rangel", "laurap", "123", 2),
		("S35", "Ingeniero", "Luis Eduardo", "Gutiérrez", "Ayala", "ayala", "123", 2),
		("S36", "Ingeniera", "Angélica Benita", "Hernández", "Carranza", "benita", "123", 2),
		("S37", "Ingeniera", "Laura", "Juárez", "Guerra", "laura", "123", 2),
		("S38", "Ingeniero", "Carlos Rafael", "Levy", "Rojas", "levy", "123", 2),
		("S39", "Ingeniero", "Eugenio Conrado", "Marín", "González", "conrado", "123", 2),
		("S40", "Ingeniera", "Ana Columba Zurita", "Martínez", "Aguilar", "columba", "123", 2),
		("S41", "Ingeniero", "José Elias", "Martínez", "Arias", "elias", "123", 2),
		("S42", "Ingeniera", "Edna Militza", "Martínez", "Prado", "militza", "123", 2),
		("S43", "Ingeniero", "Juan Pablo", "Murillo", "Ruiz", "murillo", "123", 2),
		("S44", "Licenciada", "Angélica María", "Ortiz", "Gaucín", "gaucin", "123", 2),
		("S45", "Licenciado", "Héctor José", "Puga", "Soberanes", "pugas", "123", 2),
		("S46", "Licenciada", "Irma de Jesús", "Ramírez", "Álvarez", "irma", "123", 2),
		("S47", "Maestra en Ciencias", "Martha Alicia", "Rocha", "Sánchez", "martha", "123", 2),
		("S48", "Ingeniera", "Luz del Carmen", "Ruiz", "Gaytan", "luzcarmen", "123", 2),
		("S49", "Ingeniera", "Ruth", "Saéz de Nanclarez", "Rodríguez", "ruth", "123", 2),
		("S50", "Maestra", "Ma. Concepción Rocío", "Sánchez", "Cano", "maconceptionr", "123", 2),
		("S51", "Ingeniera", "Ma. Concepción", "Sandoval", "Solis", "maconcepcion", "123", 2),
		("S52", "Ingeniero", "Cirino", "Silva", "Tovar", "cirino", "123", 2),
		("S53", "Ingeniero", "José Luis Fernando", "Suárez", "y Gómez", "suarezygomez", "123", 2),
		("S54", "Ingeniero", "Rubén", "Trujillo", "Corona", "trujillo", "123", 2);
		
INSERT INTO materia (clave, nombre, semestre, carrera, creditos, horas_t, horas_p)
VALUES	("ACF-0901", "Cálculo Diferencial", 1, "Ingenieria en sistemas computacionales", 5, 3, 2),
		("AED-1285", "Fundamentos de Programación", 1, "Ingenieria en sistemas computacionales", 5, 2, 3),
		("ACA-0907", "Taller de Ética", 1, "Ingenieria en sistemas computacionales", 4, 0, 4),
		("AEF-1041", "Matemáticas Discretas", 1, "Ingenieria en sistemas computacionales", 5, 3, 2),
		("SCH-1024", "Taller de Administración", 1, "Ingenieria en sistemas computacionales", 4, 1, 3),
		("ACC-0906", "Fundamentos de Investigación", 1, "Ingenieria en sistemas computacionales", 4, 2, 2),
		("ACF-0902", "Cálculo Integral", 2, "Ingenieria en sistemas computacionales", 5, 3, 2),
		("AED-1286", "Programación Orientada a Objetos", 2, "Ingenieria en sistemas computacionales", 5, 2, 3),
		("AEC-1008", "Contabilidad Financiera", 2, "Ingenieria en sistemas computacionales", 4, 2, 2),
		("AEC-1058", "Quimica", 2, "Ingenieria en sistemas computacionales", 4, 2, 2),
		("ACF-0903", "Álgebra Lineal", 2, "Ingenieria en sistemas computacionales", 5, 3, 2),
		("AEF-1052", "Probabilidad y Estadística", 2, "Ingenieria en sistemas computacionales", 5, 3, 2),
		("ACF-0904", "Cálculo Vectorial", 3, "Ingenieria en sistemas computacionales", 5, 3, 2),
		("AED-1026", "Estructura de Datos", 3, "Ingenieria en sistemas computacionales", 5, 2, 3),
		("SCC-1005", "Cultura Empresarial", 3, "Ingenieria en sistemas computacionales", 4, 2, 2),
		("SCC-1013", "Investigación de Operaciones", 3, "Ingenieria en sistemas computacionales", 4, 2, 2),
		("ACD-0908", "Desarrollo Sustentable", 3, "Ingenieria en sistemas computacionales", 5, 3, 2),
		("SCF-1006", "Física General", 3, "Ingenieria en sistemas computacionales", 5, 3, 2),
		("ACF-0905", "Ecuaciones Diferenciales", 4, "Ingenieria en sistemas computacionales", 5, 3, 2),
		("SCC-1017", "Métodos Numéricos", 4, "Ingenieria en sistemas computacionales", 4, 2, 2),
		("SCD-1027", "Tópicos Avanzados de Programación", 4, "Ingenieria en sistemas computacionales", 5, 2, 3),
		("AEF-1031", "Fundamentos de Base de Datos", 4, "Ingenieria en sistemas computacionales", 5, 3, 2),
		("SCD-1022", "Simulación", 4, "Ingenieria en sistemas computacionales", 5, 2, 3),
		("SCD-1018", "Principios Eléctricos y Aplicaciones Digitales", 4, "Ingenieria en sistemas computacionales", 5, 2, 3),
		("SCC-1010", "Graficación", 5, "Ingenieria en sistemas computacionales", 4, 2, 2),
		("AEC-1034", "Fundamentos de Telecomunicaciones", 5, "Ingenieria en sistemas computacionales", 4, 2, 2),
		("AEC-1061", "Sistemas Operativos", 5, "Ingenieria en sistemas computacionales", 4, 2, 2),
		("SCA-1025", "Taller de Base de Datos", 5, "Ingenieria en sistemas computacionales", 4, 0, 2),
		("SCC-1007", "Fundamentos de Ingeniería de Software", 5, "Ingenieria en sistemas computacionales", 4, 2, 2),
		("SCD-1003", "Arquitectura de Computadoras", 5, "Ingenieria en sistemas computacionales", 5, 2, 3),
		("SCD-1015", "Lenguajes y Autómatas I", 6, "Ingenieria en sistemas computacionales", 5, 2, 3),
		("SCD-1021", "Redes de Computadoras", 6, "Ingenieria en sistemas computacionales", 5, 2, 3),
		("SCA-1026", "Taller de Sistemas Operativos", 6, "Ingenieria en sistemas computacionales", 4, 0, 4),
		("SCB-1001", "Administración de Base de Datos", 6, "Ingenieria en sistemas computacionales", 5, 1, 4),
		("SCD-1011", "Ingeniería de Software", 6, "Ingenieria en sistemas computacionales", 5, 2, 3),
		("SCC-1014", "Lenguaje de Interfaz", 6, "Ingenieria en sistemas computacionales", 4, 2, 2),
		("SCD-1016", "Lenguajes y Autómatas II", 7, "Ingenieria en sistemas computacionales", 5, 2, 3),
		("SCD-1004", "Conmutación y Enrutamiento en Redes de Datos", 7, "Ingenieria en sistemas computacionales", 5, 2, 3),
		("ACA-0909", "Taller de Investigación I", 7, "Ingenieria en sistemas computacionales", 4, 0, 4),
		("SCG-1009", "Gestión de Proyectos de Software", 7, "Ingenieria en sistemas computacionales", 6, 3, 3),
		("SCC-1023", "Sistemas Programables", 7, "Ingenieria en sistemas computacionales", 4, 2, 2),
		("SCC-1019", "Programación Lógica y Funcional", 8, "Ingenieria en sistemas computacionales", 4, 2, 2),
		("SCA-1002", "Administración de Redes", 8, "Ingenieria en sistemas computacionales", 4, 0, 4),
		("ACA-0910", "Taller de Investigación II", 8, "Ingenieria en sistemas computacionales", 4, 0, 4),
		("AEB-1055", "Programación Web", 8, "Ingenieria en sistemas computacionales", 5, 1, 4),
		("SCC-1012", "Inteligencia Artificial", 9, "Ingenieria en sistemas computacionales", 4, 2, 2);

INSERT INTO sabana (clavehorario, clavemateria, clavecarrera, materia, carrera, maestro, periodo, grupo,  turno, alumnos, semestre, creditos, salon, lunes, martes, miercoles, jueves, viernes, clavemaestro)
VALUES	(4007, "ACF0901", "ISX", "CÁLCULO DIFERENCIAL", "INGENIERÍA EN SISTEMAS COMPUTACIONALES", "ING. AGUILA REYES ANTONIO", "AGOSTO-DICIEMBRE/2020", "A", "MATUTINO", 34, 1, 5, "C-D1", "", "08:45-10:25", "", "08:45-10:25", "09:35-10:25", "S25"),
		(4013, "AED1285", "ISX", "FUNDAMENTOS DE PROGRAMACIÓN", "INGENIERÍA EN SISTEMAS COMPUTACIONALES", "ING. CARPIO FLORES JOSE GERARDO", "AGOSTO-DICIEMBRE/2020", "A", "MATUTINO", 35, 1, 5, "C-LC3", "", "12:13-13:55", "", "12:13-13:55", "13:05-13:55" , "S27"),
		(4014, "AED1285", "ISX", "FUNDAMENTOS DE PROGRAMACIÓN", "INGENIERÍA EN SISTEMAS COMPUTACIONALES", "ING. GUTIERREZ AYALA LUIS EDUARDO", "AGOSTO-DICIEMBRE/2020", "B", "MATUTINO", 30, 1, 5, "C-LC3", "", "10:30-12:10", "", "10:30-12:10", "11:20-12:10", "S35"),
		(4015, "AED1285", "ISX", "FUNDAMENTOS DE PROGRAMACIÓN", "INGENIERÍA EN SISTEMAS COMPUTACIONALES", "ING. GUTIERREZ AYALA LUIS EDUARDO", "AGOSTO-DICIEMBRE/2020", "C", "MATUTINO", 34, 1, 5, "C-LC3", "", "08:45-10:25", "", "08:45-10:25", "09:35-10:25", "S35"),
		(4016, "AED1285", "ISX", "FUNDAMENTOS DE PROGRAMACIÓN", "INGENIERÍA EN SISTEMAS COMPUTACIONALES", "ING. SAEZ DE NANCLARES RODRIGUEZ RUTH", "AGOSTO-DICIEMBRE/2020", "D", "MATUTINO", 32, 1, 5, "C-LC3", "", "07:00-08:40", "", "07:00-08:40", "07:50-08:40", "S49"),
		(4017, "AED1285", "ISX", "FUNDAMENTOS DE PROGRAMACIÓN", "INGENIERÍA EN SISTEMAS COMPUTACIONALES", "ING. GUTIERREZ AYALA LUIS EDUARDO", "AGOSTO-DICIEMBRE/2020", "E", "MATUTINO", 32, 1, 5, "C-LC3", "07:00-08:40", "", "07:00-08:40", "", "07:00-07:50", "S35"),
		(4023, "SCH1024", "ISX", "TALLER DE ADMINISTRACIÓN", "INGENIERÍA EN SISTEMAS COMPUTACIONALES", "LIC. RAMIREZ ALVAREZ IRMA DE JESUS", "AGOSTO-DICIEMBRE/2020", "A", "MATUTINO", 34, 1, 4, "C-D1", "07:00-08:40", "", "07:00-08:40", "", "", "S46"),
		(4024, "SCH1024", "ISX", "TALLER DE ADMINISTRACIÓN", "INGENIERÍA EN SISTEMAS COMPUTACIONALES", "ING. MARTINEZ AGUILAR ANA COLUMBA ZURITA", "AGOSTO-DICIEMBRE/2020", "B", "MATUTINO", 26, 1, 4, "C-D2", "08:45-10:25", "", "08:45-10:25", "", "", "S40"),
		(4025, "SCH1024", "ISX", "TALLER DE ADMINISTRACIÓN", "INGENIERÍA EN SISTEMAS COMPUTACIONALES", "LIC. RAMIREZ ALVAREZ IRMA DE JESUS", "AGOSTO-DICIEMBRE/2020", "C", "MATUTINO", 35, 1, 4, "C-D3", "10:30-12:10", "", "10:30-12:10", "", "", "S46"),
		(4026, "SCH1024", "ISX", "TALLER DE ADMINISTRACIÓN", "INGENIERÍA EN SISTEMAS COMPUTACIONALES", "ING. MARTINEZ ARIAS JOSE ELIAS", "AGOSTO-DICIEMBRE/2020", "D", "MATUTINO", 31, 1, 4, "C-D4", "12:15-13:55", "", "12:15-13:55", "", "", "S41"),
		(4027, "SCH1024", "ISX", "TALLER DE ADMINISTRACIÓN", "INGENIERÍA EN SISTEMAS COMPUTACIONALES", "LIC. RAMIREZ ALVAREZ IRMA DE JESUS", "AGOSTO-DICIEMBRE/2020", "E", "MATUTINO", 31, 1, 4, "C-D5", "", "12:15-13:55", "", "12:15-13:55", "", "S46"),
		(4028, "ACC0906", "ISX", "FUNDAMENTOS DE INVESTIGACIÓN", "INGENIERÍA EN SISTEMAS COMPUTACIONALES", "LIC. RAMIREZ ALVAREZ IRMA DE JESUS", "AGOSTO-DICIEMBRE/2020", "A", "MATUTINO", 34, 1, 4, "C-D1", "", "07:00-08:40", "", "07:00-08:40", "", "S46"),
		(4029, "ACC0906", "ISX", "FUNDAMENTOS DE INVESTIGACIÓN", "INGENIERÍA EN SISTEMAS COMPUTACIONALES", "ING. GUEVARA RANGEL LAURA PATRICIA", "AGOSTO-DICIEMBRE/2020", "B", "MATUTINO", 25, 1, 4, "C-D2", "", "08:45-10:25", "", "08:45-10:25", "", "S34"),
		(4032, "ACC0906", "ISX", "FUNDAMENTOS DE INVESTIGACIÓN", "INGENIERÍA EN SISTEMAS COMPUTACIONALES", "LIC. RAMIREZ ALVAREZ IRMA DE JESUS", "AGOSTO-DICIEMBRE/2020", "E", "MATUTINO", 31, 1, 4, "C-D5", "12:15-13:55", "", "12:15-13:55", "", "", "S46"),
		(4033, "ACA0907", "ISX", "TALLER DE ÉTICA", "INGENIERÍA EN SISTEMAS COMPUTACIONALES", "ING. GUEVARA RANGEL LAURA PATRICIA", "AGOSTO-DICIEMBRE/2020", "A", "MATUTINO", 34, 1, 4, "C-D1", "10:30-12:10", "", "10:30-12:10", "", "", "S34"),
		(4034, "ACA0907", "ISX", "TALLER DE ÉTICA", "INGENIERÍA EN SISTEMAS COMPUTACIONALES", "ING. GUEVARA RANGEL LAURA PATRICIA", "AGOSTO-DICIEMBRE/2020", "B", "MATUTINO", 25, 1, 4, "C-D2", "12:15-13:55", "", "12:15-13:55", "", "", "S34"),
		(4035, "ACA0907", "ISX", "TALLER DE ÉTICA", "INGENIERÍA EN SISTEMAS COMPUTACIONALES", "ING. MARIN GONZALEZ EUGENIO CONRADO", "AGOSTO-DICIEMBRE/2020", "C", "MATUTINO", 35, 1, 4, "C-D3", "07:00-08:40", "", "07:00-08:40", "", "", "S39"),
		(4036, "ACA0907", "ISX", "TALLER DE ÉTICA", "INGENIERÍA EN SISTEMAS COMPUTACIONALES", "ING. MARIN GONZALEZ EUGENIO CONRADO", "AGOSTO-DICIEMBRE/2020", "D", "MATUTINO", 30, 1, 4, "C-D4", "08:45-10:25", "", "08:45-10:25", "", "", "S39"),
		(4041, "AED1286", "ISX", "PROGRAMACIÓN ORIENTADA A OBJETOS", "INGENIERÍA EN SISTEMAS COMPUTACIONALES", "LIC. CASTELLANOS NOLASCO ELIZABETH", "AGOSTO-DICIEMBRE/2020", "A", "MATUTINO", 20, 2, 5, "C-D15", "10:30-12:10", "", "10:30-12:10", "", "10:30-11:20", "S29"),
		(4042, "AED1286", "ISX", "PROGRAMACIÓN ORIENTADA A OBJETOS", "INGENIERÍA EN SISTEMAS COMPUTACIONALES", "ING. CARPIO FLORES JOSE GERARDO", "AGOSTO-DICIEMBRE/2020", "B", "MATUTINO", 22, 2, 5, "C-D15", "12:15-13:55", "", "12:15-13:55", "", "12:15-13:05", "S27"),
		(4043, "AED1286", "ISX", "PROGRAMACIÓN ORIENTADA A OBJETOS", "INGENIERÍA EN SISTEMAS COMPUTACIONALES", "ING. CARPIO FLORES JOSE GERARDO", "AGOSTO-DICIEMBRE/2020", "C", "MATUTINO", 22, 2, 5, "C-D15", "07:00-08:40", "", "07:00-08:40", "", "07:00-07:50", "S27"),
		(4044, "AED1286", "ISX", "PROGRAMACIÓN ORIENTADA A OBJETOS", "INGENIERÍA EN SISTEMAS COMPUTACIONALES", "LIC. CASTELLANOS NOLASCO ELIZABETH", "AGOSTO-DICIEMBRE/2020", "D", "MATUTINO", 21, 2, 5, "C-D15", "08:45-10:25", "", "08:45-10:25", "", "08:45-09:35", "S29"),
		(4045, "AEC1008", "ISX", "CONTABILIDAD FINANCIERA", "INGENIERÍA EN SISTEMAS COMPUTACIONALES", "LIC. RAMIREZ ALVAREZ IRMA DE JESUS", "AGOSTO-DICIEMBRE/2020", "A", "MATUTINO", 26, 2, 4, "C-D2", "", "10:30-12:10", "", "10:30-12:10", "", "S46"),
		(4046, "AEC1058", "ISX", "QUÍMICA", "INGENIERÍA EN SISTEMAS COMPUTACIONALES", "ING. TRUJILLO CORONA RUBEN", "AGOSTO-DICIEMBRE/2020", "A", "MATUTINO", 30, 2, 4, "C-D5", "08:45-10:25", "", "08:45-10:25", "", "", "S54"),
		(4047, "AEF1052", "ISX", "PROBABILIDAD Y ESTADÍSTICA", "INGENIERÍA EN SISTEMAS COMPUTACIONALES", "M.C. ROCHA SANCHEZ MARTHA ALICIA", "AGOSTO-DICIEMBRE/2020", "A", "MATUTINO", 33, 2, 5, "C-X1", "", "08:45-10:25", "", "08:45-10:25", "09:35-10:25", "S47"),
		(4048, "ACF0904", "ISX", "CÁLCULO VECTORIAL", "INGENIERÍA EN SISTEMAS COMPUTACIONALES", "ING. GODINEZ CABRERA HECTOR FEDERICO", "AGOSTO-DICIEMBRE/2020", "A", "MATUTINO", 35, 3, 5, "C-F8", "12:15-13:55", "", "12:15-13:55", "", "12:15-13:05", "S33"),
		(4050, "ACF0904", "ISX", "CÁLCULO VECTORIAL", "INGENIERÍA EN SISTEMAS COMPUTACIONALES", "ING. GODINEZ CABRERA HECTOR FEDERICO", "AGOSTO-DICIEMBRE/2020", "C", "MATUTINO", 37, 3, 5, "C-F8", "08:45-10:25", "", "08:45-10:25", "", "08:45-09:35", "S33"),
		(4051, "AED1026", "ISX", "ESTRUCTURA DE DATOS", "INGENIERÍA EN SISTEMAS COMPUTACIONALES", "ING. RUIZ GAYTAN LUZ DEL CARMEN", "AGOSTO-DICIEMBRE/2020", "A", "MATUTINO", 27, 3, 5, "C-D6", "10:30-12:10", "", "10:30-12:10", "", "10:30-11:20", "S48"),
		(4052, "AED1026", "ISX", "ESTRUCTURA DE DATOS", "INGENIERÍA EN SISTEMAS COMPUTACIONALES", "ING. SILVA TOVAR CIRINO", "AGOSTO-DICIEMBRE/2020", "B", "MATUTINO", 26, 3, 5, "C-D6", "12:15-13:55", "", "12:15-13:55", "", "12:15-13:05", "S52"),
		(4053, "AED1026", "ISX", "ESTRUCTURA DE DATOS", "INGENIERÍA EN SISTEMAS COMPUTACIONALES", "ING. SILVA TOVAR CIRINO", "AGOSTO-DICIEMBRE/2020", "C", "MATUTINO", 22, 3, 5, "C-D6", "07:00-08:40", "", "07:00-08:40", "", "07:00-07:50", "S52"),
		(4054, "AED1026", "ISX", "ESTRUCTURA DE DATOS", "INGENIERÍA EN SISTEMAS COMPUTACIONALES", "ING. GUTIERREZ AYALA LUIS EDUARDO", "AGOSTO-DICIEMBRE/2020", "D", "MATUTINO", 25, 3, 5, "C-D6", "08:45-10:25", "", "08:45-10:25", "", "08:45-09:35", "S35"),
		(4061, "SCC1013", "ISX", "INVESTIGACIÓN DE OPERACIONES", "INGENIERÍA EN SISTEMAS COMPUTACIONALES", "ING. RUIZ GAYTAN LUZ DEL CARMEN", "AGOSTO-DICIEMBRE/2020", "C", "MATUTINO", 32, 3, 4, "C-F8", "", "08:45-10:25", "", "08:45-10:25", "", "S48"),
		(4064, "SCC1005", "ISX", "CULTURA EMPRESARIAL", "INGENIERÍA EN SISTEMAS COMPUTACIONALES", "MTRA SÁNCHEZ CANO MA. CONCEPCIÓN ROCÍO", "AGOSTO-DICIEMBRE/2020", "B", "MATUTINO", 34, 3, 4, "C-D4", "", "07:00-08:40", "", "07:00-08:40", "", "S50"),
		(4067, "ACD0908", "ISX", "DESARROLLO SUSTENTABLE", "INGENIERÍA EN SISTEMAS COMPUTACIONALES", "ING. GUEVARA RANGEL LAURA PATRICIA", "AGOSTO-DICIEMBRE/2020", "A", "MATUTINO", 33, 3, 5, "C-D8", "", "10:30-12:10", "", "10:30-12:10", "11:20-12:10", "S34"),
		(4068, "ACD0908", "ISX", "DESARROLLO SUSTENTABLE", "INGENIERÍA EN SISTEMAS COMPUTACIONALES", "ING. GUEVARA RANGEL LAURA PATRICIA", "AGOSTO-DICIEMBRE/2020", "B", "MATUTINO", 23, 3, 5, "C-D8", "", "12:15-13:55", "", "12:15-13:55", "13:05-13:55", "S34"),
		(4069, "ACD0908", "ISX", "DESARROLLO SUSTENTABLE", "INGENIERÍA EN SISTEMAS COMPUTACIONALES", "LIC. ORTIZ GAUCIN ANGELICA MARIA", "AGOSTO-DICIEMBRE/2020", "C", "MATUTINO", 34, 3, 5, "C-D8", "", "07:00-08:40", "", "07:00-08:40", "07:50-08:40", "S44"),
		(4071, "ACF0905", "ISX", "ECUACIONES DIFERENCIALES", "INGENIERÍA EN SISTEMAS COMPUTACIONALES", "LIC. PUGA SOBERANES HECTOR JOSE", "AGOSTO-DICIEMBRE/2020", "A", "MATUTINO", 22, 4, 5, "C-F7", "12:15-13:55", "", "12:15-13:55", "", "12:15-13:05", "S45"),
		(4073, "SCD1027", "ISX", "TÓPICOS AVANZADOS DE PROGRAMACIÓN", "INGENIERÍA EN SISTEMAS COMPUTACIONALES", "ING. LEVY ROJAS CARLOS RAFAEL", "AGOSTO-DICIEMBRE/2020", "A", "MATUTINO", 19, 4, 5, "C-D15", "", "12:15-13:55", "", "12:15-13:55", "13:05-13:55", "S38"),
		(4074, "SCD1027", "ISX", "TÓPICOS AVANZADOS DE PROGRAMACIÓN", "INGENIERÍA EN SISTEMAS COMPUTACIONALES", "ING. SILVA TOVAR CIRINO", "AGOSTO-DICIEMBRE/2020", "B", "MATUTINO", 8, 4, 5, "C-D15", "", "10:30-12:10", "", "10:30-12:10", "11:20-12:10", "S52"),
		(4075, "SCD1027", "ISX", "TÓPICOS AVANZADOS DE PROGRAMACIÓN", "INGENIERÍA EN SISTEMAS COMPUTACIONALES", "ING. SILVA TOVAR CIRINO", "AGOSTO-DICIEMBRE/2020", "C", "MATUTINO", 11, 4, 5, "C-D15", "", "08:45-10:25", "", "08:45-10:25", "09:35-10:25", "S52"),
		(4078, "SCD1018", "ISX", "PRINCIPIOS ELÉCTRICOS Y APLICACIONES DIGITALES", "INGENIERÍA EN SISTEMAS COMPUTACIONALES", "DRA BALTAZAR FLORES MARIA DEL ROSARIO", "AGOSTO-DICIEMBRE/2020", "C", "MATUTINO", 15, 4, 5, "C-D12", "10:30-12:10", "", "10:30-12:10", "", "10:30-11:20", "S26"),
		(4079, "AEF1031", "ISX", "FUNDAMENTOS DE BASE DE DATOS", "INGENIERÍA EN SISTEMAS COMPUTACIONALES", "ING. JUAREZ GUERRA LAURA", "AGOSTO-DICIEMBRE/2020", "A", "MATUTINO", 17, 4, 5, "C-D11", "", "07:00-08:40", "", "07:00-08:40", "07:50-08:40", "S37"),
		(4080, "AEF1031", "ISX", "FUNDAMENTOS DE BASE DE DATOS", "INGENIERÍA EN SISTEMAS COMPUTACIONALES", "ING. JUAREZ GUERRA LAURA", "AGOSTO-DICIEMBRE/2020", "B", "MATUTINO", 10, 4, 5, "C-D11", "", "08:45-10:25", "", "08:45-10:25", "09:35-10:25", "S37"),
		(4081, "AEF1031", "ISX", "FUNDAMENTOS DE BASE DE DATOS", "INGENIERÍA EN SISTEMAS COMPUTACIONALES", "ING. RUIZ GAYTAN LUZ DEL CARMEN", "AGOSTO-DICIEMBRE/2020", "C", "MATUTINO", 13, 4, 5, "C-D11", "", "10:30-12:10", "", "10:30-12:10", "11:20-12:10", "S48"),
		(4083, "AEF1031", "ISX", "FUNDAMENTOS DE BASE DE DATOS", "INGENIERÍA EN SISTEMAS COMPUTACIONALES", "ING. RUIZ GAYTAN LUZ DEL CARMEN", "AGOSTO-DICIEMBRE/2020", "E", "MATUTINO", 11, 4, 5, "C-D11", "12:15-13:55", "", "12:15-13:55", "", "12:15-13:05", "S48"),
		(4084, "SCD1022", "ISX", "SIMULACIÓN", "INGENIERÍA EN SISTEMAS COMPUTACIONALES", "DR. CARPIO VALADEZ JUAN MARTIN", "AGOSTO-DICIEMBRE/2020", "A", "MATUTINO", 11, 4, 5, "C-X1", "08:45-10:25", "", "08:45-10:25", "", "08:45-09:35", "S28"),
		(4095, "SCA1025", "ISX", "TALLER DE BASE DE DATOS", "INGENIERÍA EN SISTEMAS COMPUTACIONALES", "ING. HERNANDEZ CARRANZA ANGELICA BENITA", "AGOSTO-DICIEMBRE/2020", "A", "MATUTINO", 16, 5, 4, "C-D11", "07:00-08:40", "", "07:00-08:40", "", "", "S36"),
		(4096, "SCA1025", "ISX", "TALLER DE BASE DE DATOS", "INGENIERÍA EN SISTEMAS COMPUTACIONALES", "ING. LEVY ROJAS CARLOS RAFAEL", "AGOSTO-DICIEMBRE/2020", "B", "MATUTINO", 10, 5, 4, "C-D11", "08:45-10:25", "", "08:45-10:25", "", "", "S38"),
		(4097, "SCA1025", "ISX", "TALLER DE BASE DE DATOS", "INGENIERÍA EN SISTEMAS COMPUTACIONALES", "ING. HERNANDEZ CARRANZA ANGELICA BENITA", "AGOSTO-DICIEMBRE/2020", "C", "MATUTINO", 18, 5, 4, "C-D11", "10:30-12:10", "", "10:30-12:10", "", "", "S36"),
		(4098, "SCA1025", "ISX", "TALLER DE BASE DE DATOS", "INGENIERÍA EN SISTEMAS COMPUTACIONALES", "ING. HERNANDEZ CARRANZA ANGELICA BENITA", "AGOSTO-DICIEMBRE/2020", "D", "MATUTINO", 17, 5, 4, "C-LC3", "12:15-13:55", "", "12:15-13:55", "", "", "S36"),
		(4099, "SCA1025", "ISX", "TALLER DE BASE DE DATOS", "INGENIERÍA EN SISTEMAS COMPUTACIONALES", "ING. RUIZ GAYTAN LUZ DEL CARMEN", "AGOSTO-DICIEMBRE/2020", "E", "MATUTINO", 14, 5, 4, "C-LC1", "", "12:15-13:55", "", "12:15-13:55", "", "S48"),
		(4108, "AEC1034", "ISX", "FUNDAMENTOS DE TELECOMUNICACIONES", "INGENIERÍA EN SISTEMAS COMPUTACIONALES", "ING GALLEGOS MUÑOZ LUIS ROBERTO", "AGOSTO-DICIEMBRE/2020", "D", "MATUTINO", 21, 5, 4, "C-SC1", "08:45-10:25", "", "08:45-10:25", "", "", "S31"),
		(4109, "AEC1034", "ISX", "FUNDAMENTOS DE TELECOMUNICACIONES", "INGENIERÍA EN SISTEMAS COMPUTACIONALES", "ING GARCIA ORNELAS DOMINGO", "AGOSTO-DICIEMBRE/2020", "E", "MATUTINO", 22, 5, 4, "C-SC1", "", "08:45-10:25", "", "08:45-10:25", "", "S32"),
		(4110, "SCC1007", "ISX", "FUNDAMENTOS DE TELECOMUNICACIONES", "INGENIERÍA EN SISTEMAS COMPUTACIONALES", "ING. SANDOVAL SOLIS MA. CONCEPCION", "AGOSTO-DICIEMBRE/2020", "A", "MATUTINO", 26, 5, 4, "C-LC2", "08:45-10:25", "", "08:45-10:25", "", "", "S51"),
		(4111, "SCC1007", "ISX", "FUNDAMENTOS DE TELECOMUNICACIONES", "INGENIERÍA EN SISTEMAS COMPUTACIONALES", "ING. MARTINEZ AGUILAR ANA COLUMBA ZURITA", "AGOSTO-DICIEMBRE/2020", "B", "MATUTINO", 22, 5, 4, "C-D9", "07:00-08:40", "", "07:00-08:40", "", "", "S40"),
		(4112, "SCC1007", "ISX", "FUNDAMENTOS DE TELECOMUNICACIONES", "INGENIERÍA EN SISTEMAS COMPUTACIONALES", "ING CASTILLO MARTÍNEZ PATRICIA MARIA", "AGOSTO-DICIEMBRE/2020", "C", "MATUTINO", 21, 5, 4, "C-LC2", "12:15-13:55", "", "12:15-13:55", "", "", "S30"),
		(4116, "AEC1061", "ISX", "SISTEMAS OPERATIVOS", "INGENIERÍA EN SISTEMAS COMPUTACIONALES", "ING. MARTINEZ AGUILAR ANA COLUMBA ZURITA", "AGOSTO-DICIEMBRE/2020", "C", "MATUTINO", 26, 5, 4, "C-LC2", "", "10:30-12:10", "", "10:30-12:10", "", "S40"),
		(4123, "SCB1001", "ISX", "ADMINISTRACIÓN DE BASE DE DATOS", "INGENIERÍA EN SISTEMAS COMPUTACIONALES", "ING. HERNANDEZ CARRANZA ANGELICA BENITA", "AGOSTO-DICIEMBRE/2020", "A", "MATUTINO", 14, 6, 5, "C-D14", "", "10:30-12:10", "", "10:30-12:10", "11:20-12:10", "S36"),
		(4124, "SCB1001", "ISX", "ADMINISTRACIÓN DE BASE DE DATOS", "INGENIERÍA EN SISTEMAS COMPUTACIONALES", "ING. HERNANDEZ CARRANZA ANGELICA BENITA", "AGOSTO-DICIEMBRE/2020", "B", "MATUTINO", 15, 6, 5, "C-D14", "", "12:15-13:55", "", "12:15-13:55", "13:05-13:55", "S36"),
		(4126, "SCD1021", "ISX", "REDES DE COMPUTADORAS", "INGENIERÍA EN SISTEMAS COMPUTACIONALES", "ING. MURILLO RUIZ JUAN PABLO", "AGOSTO-DICIEMBRE/2020", "A", "MATUTINO", 21, 6, 5, "C-LC4", "", "07:00-08:40", "", "07:00-08:40", "07:50-08:40", "S43"),
		(4127, "SCD1021", "ISX", "REDES DE COMPUTADORAS", "INGENIERÍA EN SISTEMAS COMPUTACIONALES", "ING. MURILLO RUIZ JUAN PABLO", "AGOSTO-DICIEMBRE/2020", "B", "MATUTINO", 2, 6, 5, "C-LC4", "", "08:45-10:25", "", "08:45-10:25", "09:35-10:25", "S43"),
		(4134, "SCD1011", "ISX", "INGENIERÍA DE SOFTWARE", "INGENIERÍA EN SISTEMAS COMPUTACIONALES", "ING CASTILLO MARTÍNEZ PATRICIA MARIA", "AGOSTO-DICIEMBRE/2020", "A", "MATUTINO", 12, 6, 5, "C-F5", "", "12:15-13:55", "", "12:15-13:55", "13:05-13:55", "S30"),
		(4135, "SCD1011", "ISX", "INGENIERÍA DE SOFTWARE", "INGENIERÍA EN SISTEMAS COMPUTACIONALES", "ING CASTILLO MARTÍNEZ PATRICIA MARIA", "AGOSTO-DICIEMBRE/2020", "B", "MATUTINO", 19, 6, 5, "C-F5", "", "10:30-12:10", "", "10:30-12:10", "11:20-12:10", "S30"),
		(4137, "SCD1015", "ISX", "LENGUAJES Y AUTÓMATAS I", "INGENIERÍA EN SISTEMAS COMPUTACIONALES", "ING. SAEZ DE NANCLARES RODRIGUEZ RUTH", "AGOSTO-DICIEMBRE/2020", "B", "MATUTINO", 9, 6, 5, "C-D9", "10:30-12:10", "", "10:30-12:10", "", "10:30-11:20", "S49"),
		(4138, "SCD1015", "ISX", "LENGUAJES Y AUTÓMATAS I", "INGENIERÍA EN SISTEMAS COMPUTACIONALES", "ING. SAEZ DE NANCLARES RODRIGUEZ RUTH", "AGOSTO-DICIEMBRE/2020", "C", "MATUTINO", 15, 6, 5, "C-D9", "08:45-10:25", "", "08:45-10:25", "", "08:45-09:35", "S49"),
		(4139, "SCC1023", "ISX", "SISTEMAS PROGRAMABLES", "INGENIERÍA EN SISTEMAS COMPUTACIONALES", "ING. MURILLO RUIZ JUAN PABLO", "AGOSTO-DICIEMBRE/2020", "A", "MATUTINO", 24, 7, 4, "C-F5", "08:45-10:25", "", "08:45-10:25", "", "", "S43"),
		(4140, "SCC1023", "ISX", "SISTEMAS PROGRAMABLES", "INGENIERÍA EN SISTEMAS COMPUTACIONALES", "ING. MURILLO RUIZ JUAN PABLO", "AGOSTO-DICIEMBRE/2020", "B", "MATUTINO", 23, 7, 4, "C-F5", "07:00-08:40", "", "07:00-08:40", "", "", "S43"),
		(4141, "SCC1023", "ISX", "SISTEMAS PROGRAMABLES", "INGENIERÍA EN SISTEMAS COMPUTACIONALES", "ING. MURILLO RUIZ JUAN PABLO", "AGOSTO-DICIEMBRE/2020", "C", "MATUTINO", 14, 7, 4, "C-F5", "12:15-13:55", "", "12:15-13:55", "", "", "S43"),
		(4142, "DAD1401", "ISX", "BASES DE DATOS AVANZADAS", "INGENIERÍA EN SISTEMAS COMPUTACIONALES", "ING. JUAREZ GUERRA LAURA", "AGOSTO-DICIEMBRE/2020", "A", "MATUTINO", 20, 7, 5, "C-D14", "07:00-08:40", "", "07:00-08:40", "", "07:00-07:50", "S37"),
		(4143, "DAD1401", "ISX", "BASES DE DATOS AVANZADAS", "INGENIERÍA EN SISTEMAS COMPUTACIONALES", "ING. JUAREZ GUERRA LAURA", "AGOSTO-DICIEMBRE/2020", "B", "MATUTINO", 20, 7, 5, "C-D14", "08:45-10:25", "", "08:45-10:25", "", "08:45-09:35", "S37"),
		(4150, "SCD1004", "ISX", "CONMUTACIÓN Y ENRUTAMIENTO EN REDES DE DATOS", "INGENIERÍA EN SISTEMAS COMPUTACIONALES", "ING GARCIA ORNELAS DOMINGO", "AGOSTO-DICIEMBRE/2020", "E", "MATUTINO", 15, 7, 5, "C-SC1", "", "07:00-08:40", "", "07:00-08:40", "07:50-08:40", "S32"),
		(4151, "SCG1009", "ISX", "GESTIÓN DE PROYECTOS DE SOFTWARE", "INGENIERÍA EN SISTEMAS COMPUTACIONALES", "ING CASTILLO MARTÍNEZ PATRICIA MARIA", "AGOSTO-DICIEMBRE/2020", "A", "MATUTINO", 25, 7, 6, "C-F5", "", "08:45-10:25", "", "08:45-10:25", "08:45-09:35", "S30"),
		(4153, "SCG1009", "ISX", "GESTIÓN DE PROYECTOS DE SOFTWARE", "INGENIERÍA EN SISTEMAS COMPUTACIONALES", "ING. MARTINEZ AGUILAR ANA COLUMBA ZURITA", "AGOSTO-DICIEMBRE/2020", "C", "MATUTINO", 25, 7, 6, "C-D2", "", "12:15-13:55", "", "12:15-13:55", "12:15-13:55", "S40"),
		(4155, "SCD1016", "ISX", "LENGUAJES Y AUTÓMATAS II", "INGENIERÍA EN SISTEMAS COMPUTACIONALES", "ING. SANDOVAL SOLIS MA. CONCEPCION", "AGOSTO-DICIEMBRE/2020", "B", "MATUTINO", 30, 7, 5, "C-F7", "", "08:45-10:25", "", "08:45-10:25", "09:35-10:25", "S51"),
		(4156, "SCD1016", "ISX", "LENGUAJES Y AUTÓMATAS II", "INGENIERÍA EN SISTEMAS COMPUTACIONALES", "ING. SANDOVAL SOLIS MA. CONCEPCION", "AGOSTO-DICIEMBRE/2020", "C", "MATUTINO", 27, 7, 5, "C-F7", "", "10:30-12:10", "", "10:30-12:10", "11:20-12:10", "S51"),
		(4157, "SCD1016", "ISX", "LENGUAJES Y AUTÓMATAS II", "INGENIERÍA EN SISTEMAS COMPUTACIONALES", "ING. SANDOVAL SOLIS MA. CONCEPCION", "AGOSTO-DICIEMBRE/2020", "D", "MATUTINO", 14, 7, 5, "C-F7", "", "12:15-13:55", "", "12:15-13:55", "13:05-13:55", "S51"),
		(4158, "ACA0909", "ISX", "TALLER DE INVESTIGACIÓN I", "INGENIERÍA EN SISTEMAS COMPUTACIONALES", "ING. MARIN GONZALEZ EUGENIO CONRADO", "AGOSTO-DICIEMBRE/2020", "A", "MATUTINO", 30, 7, 4, "C-X1", "", "10:30-12:10", "", "10:30-12:10", "", "S39"),
		(4159, "SCA1002", "ISX", "ADMINISTRACIÓN DE REDES", "INGENIERÍA EN SISTEMAS COMPUTACIONALES", "ING GARCIA ORNELAS DOMINGO", "AGOSTO-DICIEMBRE/2020", "A", "MATUTINO", 24, 8, 4, "C-LC1", "08:45-10:25", "", "08:45-10:25", "", "", "S32"),
		(4160, "SCA1002", "ISX", "ADMINISTRACIÓN DE REDES", "INGENIERÍA EN SISTEMAS COMPUTACIONALES", "ING GARCIA ORNELAS DOMINGO", "AGOSTO-DICIEMBRE/2020", "B", "MATUTINO", 23, 8, 4, "C-LC1", "07:00-08:40", "", "07:00-08:40", "", "", "S32"),
		(4164, "ACA0910", "ISX", "TALLER DE INVESTIGACIÓN II", "INGENIERÍA EN SISTEMAS COMPUTACIONALES", "ING. MARTINEZ ARIAS JOSE ELIAS", "AGOSTO-DICIEMBRE/2020", "D", "MATUTINO", 17, 8, 4, "C-X2", "", "10:30-12:10", "", "10:30-12:10", "", "S41"),
		(4167, "SCC1019", "ISX", "PROGRAMACIÓN LÓGICA Y FUNCIONAL", "INGENIERÍA EN SISTEMAS COMPUTACIONALES", "ING. CARPIO FLORES JOSE GERARDO", "AGOSTO-DICIEMBRE/2020", "A", "MATUTINO", 21, 8, 4, "C-D9", "", "07:00-08:40", "", "07:00-08:40", "", "S27"),
		(4168, "SCC1019", "ISX", "PROGRAMACIÓN LÓGICA Y FUNCIONAL", "INGENIERÍA EN SISTEMAS COMPUTACIONALES", "ING. CARPIO FLORES JOSE GERARDO", "AGOSTO-DICIEMBRE/2020", "B", "MATUTINO", 14, 8, 4, "C-D13", "", "08:45-10:25", "", "08:45-10:25", "", "S27"),
		(4171, "AEB1055", "ISX", "PROGRAMACIÓN WEB", "INGENIERÍA EN SISTEMAS COMPUTACIONALES", "LIC. ORTIZ GAUCIN ANGELICA MARIA", "AGOSTO-DICIEMBRE/2020", "A", "MATUTINO", 7, 8, 5, "C-D7", "10:30-12:10", "", "10:30-12:10", "", "10:30-11:20", "S44"),
		(4177, "DAD1402", "ISX", "DESARROLLO DE APLICACIONES EMPRESARIALES", "INGENIERÍA EN SISTEMAS COMPUTACIONALES", "ING. SUAREZ Y GOMEZ JOSE LUIS FERNANDO", "AGOSTO-DICIEMBRE/2020", "C", "MATUTINO", 20, 8, 5, "C-D7", "", "08:45-10:25", "", "08:45-10:25", "09:35-10:25", "S53"),
		(4178, "DAD1402", "ISX", "DESARROLLO DE APLICACIONES EMPRESARIALES", "INGENIERÍA EN SISTEMAS COMPUTACIONALES", "ING. SUAREZ Y GOMEZ JOSE LUIS FERNANDO", "AGOSTO-DICIEMBRE/2020", "D", "MATUTINO", 24, 8, 5, "C-F6", "", "07:00-08:40", "", "07:00-08:40", "07:50-08:40", "S53"),
		(4179, "SCC1012", "ISX", "INTELIGENCIA ARTIFICIAL", "INGENIERÍA EN SISTEMAS COMPUTACIONALES", "ING. MARIN GONZALEZ EUGENIO CONRADO", "AGOSTO-DICIEMBRE/2020", "A", "MATUTINO", 24, 9, 4, "C-F6", "", "07:00-08:40", "", "07:00-08:40", "", "S39"),
		(4180, "SCC1012", "ISX", "INTELIGENCIA ARTIFICIAL", "INGENIERÍA EN SISTEMAS COMPUTACIONALES", "ING. MARIN GONZALEZ EUGENIO CONRADO", "AGOSTO-DICIEMBRE/2020", "B", "MATUTINO", 24, 9, 4, "C-LC1", "", "08:45-10:25", "", "08:45-10:25", "", "S39"),
		(4181, "DAD1403", "ISX", "PROGRAMACIÓN WEB AVANZADA", "INGENIERÍA EN SISTEMAS COMPUTACIONALES", "ING. LEVY ROJAS CARLOS RAFAEL", "AGOSTO-DICIEMBRE/2020", "A", "MATUTINO", 20, 9, 5, "C-LC1", "10:30-12:10", "", "10:30-12:10", "", "10:30-11:20", "S38"),
		(4182, "DAD1403", "ISX", "PROGRAMACIÓN WEB AVANZADA", "INGENIERÍA EN SISTEMAS COMPUTACIONALES", "LIC. ORTIZ GAUCIN ANGELICA MARIA", "AGOSTO-DICIEMBRE/2020", "B", "MATUTINO", 13, 9, 5, "C-LC2", "12:15-13:55", "", "12:15-13:55", "", "12:15-13:05", "S44"),
		(4183, "DAD1403", "ISX", "PROGRAMACIÓN WEB AVANZADA", "INGENIERÍA EN SISTEMAS COMPUTACIONALES", "LIC. ORTIZ GAUCIN ANGELICA MARIA", "AGOSTO-DICIEMBRE/2020", "C", "MATUTINO", 23, 9, 5, "C-D7", "07:00-08:40", "", "07:00-08:40", "", "07:00-07:50", "S44"),
		(4184, "DAD1404", "ISX", "ARQUITECTURA DE APLICACIONES EMPRESARIALES", "INGENIERÍA EN SISTEMAS COMPUTACIONALES", "ING. SUAREZ Y GOMEZ JOSE LUIS FERNANDO", "AGOSTO-DICIEMBRE/2020", "A", "MATUTINO", 24, 9, 5, "C-D7", "12:15-13:55", "", "12:15-13:55", "", "12:15-13:05", "S53"),
		(4185, "DAD1404", "ISX", "ARQUITECTURA DE APLICACIONES EMPRESARIALES", "INGENIERÍA EN SISTEMAS COMPUTACIONALES", "ING. SUAREZ Y GOMEZ JOSE LUIS FERNANDO", "AGOSTO-DICIEMBRE/2020", "B", "MATUTINO", 22, 9, 5, "C-D7", "10:30-12:10", "", "10:30-12:10", "", "10:30-11:20", "S53"),
		(4188, "DAB1405", "ISX", "DESARROLLO DE APLICACIONES PARA DISPOSITIVOS MÓVILES", "INGENIERÍA EN SISTEMAS COMPUTACIONALES", "ING. MARTINEZ PRADO EDNA MILITZA", "AGOSTO-DICIEMBRE/2020", "C", "MATUTINO", 26, 9, 5, "C-D13", "", "12:15-13:55", "", "12:15-13:55", "13:05-13:55", "S42"),
		(4189, "DAB1405", "ISX", "DESARROLLO DE APLICACIONES PARA DISPOSITIVOS MÓVILES", "INGENIERÍA EN SISTEMAS COMPUTACIONALES", "ING. MARTINEZ PRADO EDNA MILITZA", "AGOSTO-DICIEMBRE/2020", "D", "MATUTINO", 27, 9, 5, "C-D13", "", "10:30-12:10", "", "10:30-12:10", "11:20-12:10", "S42");